file,line_number,paper_output,study,estimation_call,reporting_call,category,se_type_actually_reported,notes
clean_replication/Dataverse_files/study1.R,46 (est); 47 (rep),Figure 3 (model behind panel); console output,1,"model1<- glm (support ~ treat*imm_1, data=df, family=""binomial"")","summ(model1, robust=TRUE)",A,Robust HC3 (jtools::summ default when robust=TRUE),"stated: section header '##Figure 3##' at L44. jtools::summ accepts robust and prints 'Standard errors: Robust, type = HC3' (verified, jtools 2.3.0)."
clean_replication/Dataverse_files/study1.R,46 (est); 55-56 (rep),"Figure 3, top panel",1,"model1<- glm (support ~ treat*imm_1, data=df, family=""binomial"")","pred<-interact_plot(model1, pred = imm_1, modx = treat, interval = FALSE, colors = colors)",D,None displayed,"stated: '##Figure 3##' at L44. interval = FALSE means no confidence bands are drawn, so no SEs are reported in this panel. interactions::interact_plot does have a robust argument; it is not used."
clean_replication/Dataverse_files/study1.R,"46 (est); 76-81, 87 (rep)","Figure 3, bottom panel (conditional ATE)",1,"model1<- glm (support ~ treat*imm_1, data=df, family=""binomial"")","model1 %>% margins(at = list(imm_1 = seq(0, 10, by = 1))) %>% summary ... geom_errorbar(aes(ymax = (AME-SE*1.645), ymin = (AME+SE*1.645)))",C,Classical (model-based) delta-method SEs,stated: '##Figure 3##' at L44. margins::margins.lm/glm default is vcov = stats::vcov(model) (verified in installed margins). No robust argument anywhere in the estimation or the margins call. Error bars are +/-1.645*SE.
clean_replication/Dataverse_files/study1.R,46 (est); 260-263 (rep),Figure A6,1,"model1<- glm (support ~ treat*imm_1, data=df, family=""binomial"")","lineartest<- interact_plot(model1, pred=imm_1, modx=treat, interval=TRUE, linearity.check = TRUE, ...)",C,Classical (model-based) SEs,"stated: '###FIGURES A6 & A7###' at L259 and ggsave(""FigureA6.png"") at L266. interval=TRUE so bands are drawn; robust is NOT passed to interact_plot. (Note: the subtitle at L265 says 'Continuous outcome linear regression model' but model1 is the binomial glm - labels for A6/A7 appear swapped.)"
clean_replication/Dataverse_files/study1.R,103 (est); 104 (rep),"Figure 4, left panel (model behind panel); console output",1,"modelsub1<- lm (support ~ treat, data=proimm)","summ(modelsub1, robust=TRUE)",A,Robust HC3,stated: '##FIGURE 4##' at L101.
clean_replication/Dataverse_files/study1.R,103 (est); 117-119 (rep),"Figure 4, left panel",1,"modelsub1<- lm (support ~ treat, data=proimm)","proimmplot<- effect_plot(model = modelsub1, pred = treat, robust=TRUE, cat.geom=""point"", cat.interval.geom=""linerange"", ..., int.width = .90)",A,Robust HC3 (90% intervals),"stated: '##FIGURE 4##' at L101. jtools::effect_plot has a formal 'robust' argument (verified TRUE, jtools 2.3.0), so the request is honoured. The printed ATE label 'ATE=-.06*' at L133 is a hard-coded annotation, not computed."
clean_replication/Dataverse_files/study1.R,107 (est); 108 (rep),"Figure 4, right panel (model behind panel); console output",1,"modelsub2<- lm (support ~ treat, data=noproimm)","summ(modelsub2, robust=TRUE)",A,Robust HC3,stated: '##FIGURE 4##' at L101.
clean_replication/Dataverse_files/study1.R,107 (est); 140-142 (rep),"Figure 4, right panel",1,"modelsub2<- lm (support ~ treat, data=noproimm)","noproimmplot<- effect_plot(model = modelsub2, pred = treat, robust=TRUE, cat.geom=""point"", cat.interval.geom=""linerange"", ..., int.width = .90)",A,Robust HC3 (90% intervals),stated: '##FIGURE 4##' at L101. Hard-coded label 'ATE=.10**' at L156.
clean_replication/Dataverse_files/study1.R,176 (est); 180 (rep),Table A7,1,"models2 [['Model 1']] <-lm (support ~ treat, data=df)","modelsummary(models2, star=c('*'=.1, ""**""=.05, ""***""=.01), output=""latex"")",C,Classical OLS SEs,stated: '##TABLE A7##' at L174 and ReadMe.pdf. NO robust argument appears anywhere - not in the lm() calls and not in the modelsummary() call. There is nothing here that could have been 'conflated'.
clean_replication/Dataverse_files/study1.R,177 (est); 180 (rep),Table A7,1,"models2 [['Model 2']] <-lm (support ~ treat*imm_1, data=df)","modelsummary(models2, star=c('*'=.1, ""**""=.05, ""***""=.01), output=""latex"")",C,Classical OLS SEs,stated: '##TABLE A7##' at L174 and ReadMe.pdf. NO robust argument appears anywhere - not in the lm() calls and not in the modelsummary() call. There is nothing here that could have been 'conflated'.
clean_replication/Dataverse_files/study1.R,178 (est); 180 (rep),Table A7,1,"models2 [['Model 3']] <-lm (support ~ treat, data=proimm)","modelsummary(models2, star=c('*'=.1, ""**""=.05, ""***""=.01), output=""latex"")",C,Classical OLS SEs,stated: '##TABLE A7##' at L174 and ReadMe.pdf. NO robust argument appears anywhere - not in the lm() calls and not in the modelsummary() call. There is nothing here that could have been 'conflated'.
clean_replication/Dataverse_files/study1.R,179 (est); 180 (rep),Table A7,1,"models2 [['Model 4']] <-lm (support ~ treat, data=noproimm)","modelsummary(models2, star=c('*'=.1, ""**""=.05, ""***""=.01), output=""latex"")",C,Classical OLS SEs,stated: '##TABLE A7##' at L174 and ReadMe.pdf. NO robust argument appears anywhere - not in the lm() calls and not in the modelsummary() call. There is nothing here that could have been 'conflated'.
clean_replication/Dataverse_files/study1.R,185 (est); 189 (rep),Table A8,1,"models2 [['Model 1']] <-lm (outcome ~ treat, data=df)","modelsummary(models2, star=c('*'=.1, ""**""=.05, ""***""=.01), output=""latex"", robust=TRUE)",B,HC3 robust SEs in the published table (robust=TRUE is not a modelsummary argument and is absorbed by ...; the version the authors ran nonetheless passed it through to the variance estimator - current versions do not),"stated: '##TABLE A8##' at L183 and ReadMe.pdf. This is the archetype the authors describe. Verified: modelsummary 2.5.0 has no 'robust' formal; robust=TRUE falls into ... and output is byte-identical to modelsummary(m). CORRECTION: the SEs printed in the published table are HC3, not classical - refitting gives HC3 to the last digit while classical differs. The version the authors ran honoured the undocumented argument; modelsummary 2.5.0 does not. Category B still applies: it records that robust=TRUE is not a supported way to request robust SEs, not that the printed SEs are classical."
clean_replication/Dataverse_files/study1.R,186 (est); 189 (rep),Table A8,1,"models2 [['Model 2']] <-lm (outcome ~ treat*imm_1, data=df)","modelsummary(models2, star=c('*'=.1, ""**""=.05, ""***""=.01), output=""latex"", robust=TRUE)",B,HC3 robust SEs in the published table (robust=TRUE is not a modelsummary argument and is absorbed by ...; the version the authors ran nonetheless passed it through to the variance estimator - current versions do not),"stated: '##TABLE A8##' at L183 and ReadMe.pdf. This is the archetype the authors describe. Verified: modelsummary 2.5.0 has no 'robust' formal; robust=TRUE falls into ... and output is byte-identical to modelsummary(m). CORRECTION: the SEs printed in the published table are HC3, not classical - refitting gives HC3 to the last digit while classical differs. The version the authors ran honoured the undocumented argument; modelsummary 2.5.0 does not. Category B still applies: it records that robust=TRUE is not a supported way to request robust SEs, not that the printed SEs are classical."
clean_replication/Dataverse_files/study1.R,187 (est); 189 (rep),Table A8,1,"models2 [['Model 3']] <-lm (outcome ~ treat, data=proimm)","modelsummary(models2, star=c('*'=.1, ""**""=.05, ""***""=.01), output=""latex"", robust=TRUE)",B,HC3 robust SEs in the published table (robust=TRUE is not a modelsummary argument and is absorbed by ...; the version the authors ran nonetheless passed it through to the variance estimator - current versions do not),"stated: '##TABLE A8##' at L183 and ReadMe.pdf. This is the archetype the authors describe. Verified: modelsummary 2.5.0 has no 'robust' formal; robust=TRUE falls into ... and output is byte-identical to modelsummary(m). CORRECTION: the SEs printed in the published table are HC3, not classical - refitting gives HC3 to the last digit while classical differs. The version the authors ran honoured the undocumented argument; modelsummary 2.5.0 does not. Category B still applies: it records that robust=TRUE is not a supported way to request robust SEs, not that the printed SEs are classical."
clean_replication/Dataverse_files/study1.R,188 (est); 189 (rep),Table A8,1,"models2 [['Model 4']] <-lm (outcome ~ treat, data=noproimm)","modelsummary(models2, star=c('*'=.1, ""**""=.05, ""***""=.01), output=""latex"", robust=TRUE)",B,HC3 robust SEs in the published table (robust=TRUE is not a modelsummary argument and is absorbed by ...; the version the authors ran nonetheless passed it through to the variance estimator - current versions do not),"stated: '##TABLE A8##' at L183 and ReadMe.pdf. This is the archetype the authors describe. Verified: modelsummary 2.5.0 has no 'robust' formal; robust=TRUE falls into ... and output is byte-identical to modelsummary(m). CORRECTION: the SEs printed in the published table are HC3, not classical - refitting gives HC3 to the last digit while classical differs. The version the authors ran honoured the undocumented argument; modelsummary 2.5.0 does not. Category B still applies: it records that robust=TRUE is not a supported way to request robust SEs, not that the printed SEs are classical."
clean_replication/Dataverse_files/study1.R,195 (est); 196 (rep),Figure A4 (model behind panel); console output,1,"model2<- lm (outcome ~ treat*imm_1, data=df)","summ(model2, robust=TRUE)",A,Robust HC3,stated: '##FIGURE A4##' at L192.
clean_replication/Dataverse_files/study1.R,"195 (est); 204, 210-215 (rep)","Figure A4, top panel (jittered predicted points)",1,"model2<- lm (outcome ~ treat*imm_1, data=df)","df$predictINT2<-predict(model2, df) ... geom_jitter(data=treat, aes(x=imm_1, y=predictINT2, ...))",D,None displayed,stated: '##FIGURE A4##' at L192. Point predictions only; no SEs or intervals plotted.
clean_replication/Dataverse_files/study1.R,209,"Figure A4, top panel (fitted slopes)",1,"stat_smooth(method = ""lm_robust"", fullrange = TRUE, se=FALSE)","stat_smooth(method = ""lm_robust"", fullrange = TRUE, se=FALSE)",D,None displayed,"stated: '##FIGURE A4##' at L192. estimatr::lm_robust is used as the smoother, but se=FALSE so no standard errors or bands are shown. Classified D (plot with no SEs) rather than A because nothing SE-based is reported."
clean_replication/Dataverse_files/study1.R,"195 (est); 234-239, 245 (rep)","Figure A4, bottom panel (conditional ATE)",1,"model2<- lm (outcome ~ treat*imm_1, data=df)","model2 %>% margins(at = list(imm_1 = seq(0, 10, by = 1))) %>% summary ... geom_errorbar(aes(ymax = (AME-SE*1.645), ...))",C,Classical (model-based) delta-method SEs,stated: '##FIGURE A4##' at L192. margins default vcov = stats::vcov(model); no robust argument.
clean_replication/Dataverse_files/study1.R,195 (est); 269-272 (rep),Figure A7,1,"model2<- lm (outcome ~ treat*imm_1, data=df)","lineartest2<- interact_plot(model2, pred=imm_1, modx=treat, interval=TRUE, linearity.check = TRUE, ...)",C,Classical (model-based) SEs,"stated: '###FIGURES A6 & A7###' at L259 and ggsave(""FigureA7.png"") at L275. robust is not passed. (Subtitle at L274 says 'Binary outcome logstic regression model' but model2 is the OLS model - labels appear swapped with A6.)"
clean_replication/Dataverse_files/study1.R,278 (est); 282 (rep),Figure A9,1,"model1<- lm (support ~ treat, data=df)","ritest1<- ritest(model1, 'treat', reps = 2000)",D,None - randomisation-inference permutation distribution,"stated: '###FIGURE A9###' at L277. Randomisation inference reports a permutation distribution of the treatment coefficient; no standard errors are computed or displayed, so the robust/classical distinction does not apply. (Separate bug, not an SE issue: L301 plots ritest2$betas where ritest3$betas is evidently intended.)"
clean_replication/Dataverse_files/study1.R,279 (est); 291 (rep),Figure A9,1,"model2<- lm (support ~ treat, data=proimm)","ritest2<- ritest(model2, 'treat', reps = 2000)",D,None - randomisation-inference permutation distribution,"stated: '###FIGURE A9###' at L277. Randomisation inference reports a permutation distribution of the treatment coefficient; no standard errors are computed or displayed, so the robust/classical distinction does not apply. (Separate bug, not an SE issue: L301 plots ritest2$betas where ritest3$betas is evidently intended.)"
clean_replication/Dataverse_files/study1.R,280 (est); 300 (rep),Figure A9,1,"model3<- lm (support ~ treat, data=noproimm)","ritest3<- ritest(model3, 'treat', reps = 2000)",D,None - randomisation-inference permutation distribution,"stated: '###FIGURE A9###' at L277. Randomisation inference reports a permutation distribution of the treatment coefficient; no standard errors are computed or displayed, so the robust/classical distinction does not apply. (Separate bug, not an SE issue: L301 plots ritest2$betas where ritest3$betas is evidently intended.)"
clean_replication/Dataverse_files/study2.R,41 (est); 42 (rep),Figure 6 (model behind panel); console output,2,"modelES<- glm (support ~ treat*imm_1, data=spain, weight=nationalweight, family=""binomial"")","summary(modelES, robust=TRUE)",B,Classical (model-based) SEs (robust=TRUE silently absorbed by ...),"stated: '##FIGURE 6##' at L39. This is base stats::summary.glm, NOT jtools::summ. Verified in R 4.5.2: summary(g)$coefficients and summary(g, robust=TRUE)$coefficients are identical(). Robust is requested and silently ignored, so category B - but note this is a console call, not a reported table."
clean_replication/Dataverse_files/study2.R,41 (est); 46-47 (rep),"Figure 6, top panel",2,"modelES<- glm (support ~ treat*imm_1, data=spain, weight=nationalweight, family=""binomial"")","predES<- interact_plot(modelES, pred = imm_1, modx = treat, interval = FALSE, colors = colors)",D,None displayed,"stated: '##FIGURE 6##' at L39. interval = FALSE, no bands drawn."
clean_replication/Dataverse_files/study2.R,"41 (est); 67-72, 78 (rep)","Figure 6, bottom panel (conditional ATE)",2,"modelES<- glm (support ~ treat*imm_1, data=spain, weight=nationalweight, family=""binomial"")","modelES %>% margins(at = list(imm_1 = seq(0, 10, by = 1))) %>% summary ... geom_errorbar(aes(ymax = (AME-SE*1.645), ...))",C,Classical (model-based) delta-method SEs,stated: '##FIGURE 6##' at L39. margins default vcov = stats::vcov(model); no robust argument in the margins pipeline.
clean_replication/Dataverse_files/study2.R,97 (est); 98 (rep),"Figure 7, left panel (model behind panel); console output",2,"modelsub1ES<- glm (support ~ treat, weight=nationalweight, data=proimmES, family=""binomial"")",summary(modelsub1ES),C,Classical (model-based) SEs,"stated: '##FIGURE 7###' at L91. No robust argument at all - contrast with the parallel Study 1 code at L104, which does pass robust=TRUE to summ()."
clean_replication/Dataverse_files/study2.R,97 (est); 110-112 (rep),"Figure 7, left panel",2,"modelsub1ES<- glm (support ~ treat, weight=nationalweight, data=proimmES, family=""binomial"")","proimmplotES<- effect_plot(model = modelsub1ES, pred = treat, cat.geom=""point"", cat.interval.geom=""linerange"", ..., int.width = .90)",C,Classical (model-based) SEs (90% intervals),"stated: '##FIGURE 7###' at L91. effect_plot accepts robust, but unlike the Study 1 counterparts (L117, L140) no robust argument is passed here. Hard-coded label 'ATE=.11***' at L125."
clean_replication/Dataverse_files/study2.R,101 (est); 102 (rep),"Figure 7, right panel (model behind panel); console output",2,"modelsub2ES<- glm (support ~ treat, weight=nationalweight, data=noproimmES, family=""binomial"")",summary(modelsub2ES),C,Classical (model-based) SEs,stated: '##FIGURE 7###' at L91.
clean_replication/Dataverse_files/study2.R,101 (est); 132-134 (rep),"Figure 7, right panel",2,"modelsub2ES<- glm (support ~ treat, weight=nationalweight, data=noproimmES, family=""binomial"")","noproimmplotES<- effect_plot(model = modelsub2ES, pred = treat, cat.geom=""point"", cat.interval.geom=""linerange"", ..., int.width = .90)",C,Classical (model-based) SEs (90% intervals),stated: '##FIGURE 7###' at L91. No robust argument. Hard-coded label 'ATE=.10***' at L147.
clean_replication/Dataverse_files/study2.R,165 (est); 166 (rep),Figure 8 (model behind panel); console output,2,"pride1<- glm (proudWvalues ~ treat*imm_1, weight=nationalweight, data=spain, family=""binomial"")",summary(pride1),C,Classical (model-based) SEs,stated: '###FIGURE 8###' at L163.
clean_replication/Dataverse_files/study2.R,165 (est); 169-170 (rep),"Figure 8, top panel",2,"pride1<- glm (proudWvalues ~ treat*imm_1, weight=nationalweight, data=spain, family=""binomial"")","prideplot1<- interact_plot(pride1, pred = imm_1, modx = treat, interval = FALSE, modx.labels = c(""0""=""Control"", ""1""=""Treatment""))",D,None displayed,stated: '###FIGURE 8###' at L163. interval = FALSE.
clean_replication/Dataverse_files/study2.R,"165 (est); 197-202, 208 (rep)","Figure 8, bottom panel (conditional ATE)",2,"pride1<- glm (proudWvalues ~ treat*imm_1, weight=nationalweight, data=spain, family=""binomial"")","pride1 %>% margins(at = list(imm_1 = seq(0, 10, by = 1))) %>% summary ... geom_errorbar(aes(ymax = (AME-SE*1.645), ...))",C,Classical (model-based) delta-method SEs,stated: '###FIGURE 8###' at L163. No robust argument.
clean_replication/Dataverse_files/study2.R,224 (est); 228 (rep),Table A9,2,"models1 [['Model 1']] <-lm (support ~ treat + imm_1, weight=nationalweight, data=spain)","modelsummary(models1, star=c('*'=.1, ""**""=.05, ""***""=.01), output=""latex"")",C,Classical OLS SEs,"stated: '###TABLE A9###' at L222 and ReadMe.pdf. KEY CASE: no robust argument appears anywhere - not in the lm() calls, not in the modelsummary() call. Nothing was requested, so nothing could have been silently ignored. Contrast L248 in the same file, which does pass robust=TRUE."
clean_replication/Dataverse_files/study2.R,225 (est); 228 (rep),Table A9,2,"models1 [['Model 2']] <-lm (support ~ treat*imm_1, weight=nationalweight, data=spain)","modelsummary(models1, star=c('*'=.1, ""**""=.05, ""***""=.01), output=""latex"")",C,Classical OLS SEs,"stated: '###TABLE A9###' at L222 and ReadMe.pdf. KEY CASE: no robust argument appears anywhere - not in the lm() calls, not in the modelsummary() call. Nothing was requested, so nothing could have been silently ignored. Contrast L248 in the same file, which does pass robust=TRUE."
clean_replication/Dataverse_files/study2.R,226 (est); 228 (rep),Table A9,2,"models1 [['Model 3']] <-lm (support ~ treat, weight=nationalweight, data=proimmES)","modelsummary(models1, star=c('*'=.1, ""**""=.05, ""***""=.01), output=""latex"")",C,Classical OLS SEs,"stated: '###TABLE A9###' at L222 and ReadMe.pdf. KEY CASE: no robust argument appears anywhere - not in the lm() calls, not in the modelsummary() call. Nothing was requested, so nothing could have been silently ignored. Contrast L248 in the same file, which does pass robust=TRUE."
clean_replication/Dataverse_files/study2.R,227 (est); 228 (rep),Table A9,2,"models1 [['Model 4']] <-lm (support ~ treat, weight=nationalweight, data=noproimmES)","modelsummary(models1, star=c('*'=.1, ""**""=.05, ""***""=.01), output=""latex"")",C,Classical OLS SEs,"stated: '###TABLE A9###' at L222 and ReadMe.pdf. KEY CASE: no robust argument appears anywhere - not in the lm() calls, not in the modelsummary() call. Nothing was requested, so nothing could have been silently ignored. Contrast L248 in the same file, which does pass robust=TRUE."
clean_replication/Dataverse_files/study2.R,234 (est); 238 (rep),Table A10,2,"models0 [['Model 1']] <-lm (lgbtED ~ treat + imm_1, weight=nationalweight, data=spain)","modelsummary(models0, star=c('*'=.1, ""**""=.05, ""***""=.01), output=""latex"")",C,Classical OLS SEs,stated: '###TABLE A10###' at L232 and ReadMe.pdf. KEY CASE: no robust argument appears anywhere. Same reasoning as Table A9.
clean_replication/Dataverse_files/study2.R,235 (est); 238 (rep),Table A10,2,"models0 [['Model 2']] <-lm (lgbtED ~ treat*imm_1, weight=nationalweight, data=spain)","modelsummary(models0, star=c('*'=.1, ""**""=.05, ""***""=.01), output=""latex"")",C,Classical OLS SEs,stated: '###TABLE A10###' at L232 and ReadMe.pdf. KEY CASE: no robust argument appears anywhere. Same reasoning as Table A9.
clean_replication/Dataverse_files/study2.R,236 (est); 238 (rep),Table A10,2,"models0 [['Model 3']] <-lm (lgbtED ~ treat, weight=nationalweight, data=proimmES)","modelsummary(models0, star=c('*'=.1, ""**""=.05, ""***""=.01), output=""latex"")",C,Classical OLS SEs,stated: '###TABLE A10###' at L232 and ReadMe.pdf. KEY CASE: no robust argument appears anywhere. Same reasoning as Table A9.
clean_replication/Dataverse_files/study2.R,237 (est); 238 (rep),Table A10,2,"models0 [['Model 4']] <-lm (lgbtED ~ treat, weight=nationalweight, data=noproimmES)","modelsummary(models0, star=c('*'=.1, ""**""=.05, ""***""=.01), output=""latex"")",C,Classical OLS SEs,stated: '###TABLE A10###' at L232 and ReadMe.pdf. KEY CASE: no robust argument appears anywhere. Same reasoning as Table A9.
clean_replication/Dataverse_files/study2.R,242 (est); 248 (rep),Table A11,2,"mech [['EU norms']]<- lm (pride_valoresUE ~ treat*imm_1, weight=nationalweight, data=spain)","modelsummary(mech, star=c('*'=.1, ""**""=.05, ""***""=.01), output=""latex"", robust=TRUE)",B,HC3 robust SEs in the published table (robust=TRUE is not a modelsummary argument and is absorbed by ...; the version the authors ran nonetheless passed it through to the variance estimator - current versions do not),"stated: '###TABLE A11###' at L240 and ReadMe.pdf. Archetypal modelsummary(model, robust = TRUE) misspecification. (ReadMe.pdf also lists Table A11 under study1.R, but no Table A11 code exists in study1.R.) CORRECTION: the SEs printed in the published table are HC3, not classical - refitting gives HC3 to the last digit while classical differs. The version the authors ran honoured the undocumented argument; modelsummary 2.5.0 does not. Category B still applies: it records that robust=TRUE is not a supported way to request robust SEs, not that the printed SEs are classical."
clean_replication/Dataverse_files/study2.R,243 (est); 248 (rep),Table A11,2,"mech [['Western liberal values']]<- lm (pride_libertadOCC ~ treat*imm_1, weight=nationalweight, data=spain)","modelsummary(mech, star=c('*'=.1, ""**""=.05, ""***""=.01), output=""latex"", robust=TRUE)",B,HC3 robust SEs in the published table (robust=TRUE is not a modelsummary argument and is absorbed by ...; the version the authors ran nonetheless passed it through to the variance estimator - current versions do not),"stated: '###TABLE A11###' at L240 and ReadMe.pdf. Archetypal modelsummary(model, robust = TRUE) misspecification. (ReadMe.pdf also lists Table A11 under study1.R, but no Table A11 code exists in study1.R.) CORRECTION: the SEs printed in the published table are HC3, not classical - refitting gives HC3 to the last digit while classical differs. The version the authors ran honoured the undocumented argument; modelsummary 2.5.0 does not. Category B still applies: it records that robust=TRUE is not a supported way to request robust SEs, not that the printed SEs are classical."
clean_replication/Dataverse_files/study2.R,244 (est); 248 (rep),Table A11,2,"mech [['Green politics']]<- lm (pride_verde ~ treat*imm_1, weight=nationalweight, data=spain)","modelsummary(mech, star=c('*'=.1, ""**""=.05, ""***""=.01), output=""latex"", robust=TRUE)",B,HC3 robust SEs in the published table (robust=TRUE is not a modelsummary argument and is absorbed by ...; the version the authors ran nonetheless passed it through to the variance estimator - current versions do not),"stated: '###TABLE A11###' at L240 and ReadMe.pdf. Archetypal modelsummary(model, robust = TRUE) misspecification. (ReadMe.pdf also lists Table A11 under study1.R, but no Table A11 code exists in study1.R.) CORRECTION: the SEs printed in the published table are HC3, not classical - refitting gives HC3 to the last digit while classical differs. The version the authors ran honoured the undocumented argument; modelsummary 2.5.0 does not. Category B still applies: it records that robust=TRUE is not a supported way to request robust SEs, not that the printed SEs are classical."
clean_replication/Dataverse_files/study2.R,245 (est); 248 (rep),Table A11,2,"mech [['Domestic violence protections']]<- lm (pride_viomach ~ treat*imm_1, weight=nationalweight, data=spain)","modelsummary(mech, star=c('*'=.1, ""**""=.05, ""***""=.01), output=""latex"", robust=TRUE)",B,HC3 robust SEs in the published table (robust=TRUE is not a modelsummary argument and is absorbed by ...; the version the authors ran nonetheless passed it through to the variance estimator - current versions do not),"stated: '###TABLE A11###' at L240 and ReadMe.pdf. Archetypal modelsummary(model, robust = TRUE) misspecification. (ReadMe.pdf also lists Table A11 under study1.R, but no Table A11 code exists in study1.R.) CORRECTION: the SEs printed in the published table are HC3, not classical - refitting gives HC3 to the last digit while classical differs. The version the authors ran honoured the undocumented argument; modelsummary 2.5.0 does not. Category B still applies: it records that robust=TRUE is not a supported way to request robust SEs, not that the printed SEs are classical."
clean_replication/Dataverse_files/study2.R,246 (est); 248 (rep),Table A11,2,"mech [['Spanish flag']]<- lm (pride_bandera ~ treat*imm_1, weight=nationalweight, data=spain)","modelsummary(mech, star=c('*'=.1, ""**""=.05, ""***""=.01), output=""latex"", robust=TRUE)",B,HC3 robust SEs in the published table (robust=TRUE is not a modelsummary argument and is absorbed by ...; the version the authors ran nonetheless passed it through to the variance estimator - current versions do not),"stated: '###TABLE A11###' at L240 and ReadMe.pdf. Archetypal modelsummary(model, robust = TRUE) misspecification. (ReadMe.pdf also lists Table A11 under study1.R, but no Table A11 code exists in study1.R.) CORRECTION: the SEs printed in the published table are HC3, not classical - refitting gives HC3 to the last digit while classical differs. The version the authors ran honoured the undocumented argument; modelsummary 2.5.0 does not. Category B still applies: it records that robust=TRUE is not a supported way to request robust SEs, not that the printed SEs are classical."
clean_replication/Dataverse_files/study2.R,247 (est); 248 (rep),Table A11,2,"mech [['Spanish military efforts']]<- lm (pride_mili ~ treat*imm_1, weight=nationalweight, data=spain)","modelsummary(mech, star=c('*'=.1, ""**""=.05, ""***""=.01), output=""latex"", robust=TRUE)",B,HC3 robust SEs in the published table (robust=TRUE is not a modelsummary argument and is absorbed by ...; the version the authors ran nonetheless passed it through to the variance estimator - current versions do not),"stated: '###TABLE A11###' at L240 and ReadMe.pdf. Archetypal modelsummary(model, robust = TRUE) misspecification. (ReadMe.pdf also lists Table A11 under study1.R, but no Table A11 code exists in study1.R.) CORRECTION: the SEs printed in the published table are HC3, not classical - refitting gives HC3 to the last digit while classical differs. The version the authors ran honoured the undocumented argument; modelsummary 2.5.0 does not. Category B still applies: it records that robust=TRUE is not a supported way to request robust SEs, not that the printed SEs are classical."
clean_replication/Dataverse_files/study2.R,253 (est); 259-260 (rep),"Figure A5, top panel",2,"mech1<- lm (pride_libertadOCC ~ treat*imm_1, weight=nationalweight, data=spain)","mechplot1<- interact_plot(mech1, pred = imm_1, modx = treat, interval = FALSE, colors = colors)",D,None displayed,stated: '###FIGURE A5###' at L252. interval = FALSE.
clean_replication/Dataverse_files/study2.R,"253 (est); 286-291, 297 (rep)","Figure A5, bottom panel (conditional ATE)",2,"mech1<- lm (pride_libertadOCC ~ treat*imm_1, weight=nationalweight, data=spain)","mech1 %>% margins(at = list(imm_1 = seq(0, 10, by = 1))) %>% summary ... geom_errorbar(aes(ymax = (AME-SE*1.645), ...))",C,Classical (model-based) delta-method SEs,"stated: '###FIGURE A5###' at L252. No robust argument; note mech1 is refitted identically to mech[['Western liberal values']] at L243, which DID carry robust=TRUE in its (ignored) reporting call."
clean_replication/Dataverse_files/multiverse.R,25-35,"Figure A10 (panel 1, full sample)",1,"p1<- stability_plot(data = df, lhs = 'support', rhs = 'treatnum', perm = perm_controls, perm_fe = perm_fe_controls, ...)","p1<- stability_plot(data = df, lhs = 'support', rhs = 'treatnum', perm = perm_controls, perm_fe = perm_fe_controls, ...) (estimation and plotting are the same call)",C,"Classical (iid) SEs from lfe::felm, 95% CIs","stated: section headers '###FIGURE A10/A11/A12/A13###'. starbility::stability_plot estimates each specification with lfe::felm(spec, data, weights) and takes broom::tidy()$std.error, with cluster defaulting to '0' (no clustering) - i.e. classical SEs. No robust/cluster argument is supplied in the archive code. Package source checked at github.com/AakaashRao/starbility (R/builtin_models.R, R/create_stability_plot.R); starbility is not on CRAN and was not installed locally, so this rests on source inspection, not execution."
clean_replication/Dataverse_files/multiverse.R,52-62,"Figure A10 (panel 2, below-average immigration views)",1,"p2<- stability_plot(data = noproimm, lhs = 'support', rhs = 'treatnum', ...)","p2<- stability_plot(data = noproimm, lhs = 'support', rhs = 'treatnum', ...) (estimation and plotting are the same call)",C,"Classical (iid) SEs from lfe::felm, 95% CIs","stated: section headers '###FIGURE A10/A11/A12/A13###'. starbility::stability_plot estimates each specification with lfe::felm(spec, data, weights) and takes broom::tidy()$std.error, with cluster defaulting to '0' (no clustering) - i.e. classical SEs. No robust/cluster argument is supplied in the archive code. Package source checked at github.com/AakaashRao/starbility (R/builtin_models.R, R/create_stability_plot.R); starbility is not on CRAN and was not installed locally, so this rests on source inspection, not execution."
clean_replication/Dataverse_files/multiverse.R,79-89,"Figure A10 (panel 3, above-average immigration views)",1,"p3<- stability_plot(data = proimm, lhs = 'support', rhs = 'treatnum', ...)","p3<- stability_plot(data = proimm, lhs = 'support', rhs = 'treatnum', ...) (estimation and plotting are the same call)",C,"Classical (iid) SEs from lfe::felm, 95% CIs","stated: section headers '###FIGURE A10/A11/A12/A13###'. starbility::stability_plot estimates each specification with lfe::felm(spec, data, weights) and takes broom::tidy()$std.error, with cluster defaulting to '0' (no clustering) - i.e. classical SEs. No robust/cluster argument is supplied in the archive code. Package source checked at github.com/AakaashRao/starbility (R/builtin_models.R, R/create_stability_plot.R); starbility is not on CRAN and was not installed locally, so this rests on source inspection, not execution."
clean_replication/Dataverse_files/multiverse.R,114-124,"Figure A11 (panel 1, low immigration views)",1,"p4<- stability_plot(data = LOW, lhs = 'support', rhs = 'treatnum', ...)","p4<- stability_plot(data = LOW, lhs = 'support', rhs = 'treatnum', ...) (estimation and plotting are the same call)",C,"Classical (iid) SEs from lfe::felm, 95% CIs","stated: section headers '###FIGURE A10/A11/A12/A13###'. starbility::stability_plot estimates each specification with lfe::felm(spec, data, weights) and takes broom::tidy()$std.error, with cluster defaulting to '0' (no clustering) - i.e. classical SEs. No robust/cluster argument is supplied in the archive code. Package source checked at github.com/AakaashRao/starbility (R/builtin_models.R, R/create_stability_plot.R); starbility is not on CRAN and was not installed locally, so this rests on source inspection, not execution."
clean_replication/Dataverse_files/multiverse.R,141-151,"Figure A11 (panel 2, mid immigration views)",1,"p5<- stability_plot(data = MID, lhs = 'support', rhs = 'treatnum', ...)","p5<- stability_plot(data = MID, lhs = 'support', rhs = 'treatnum', ...) (estimation and plotting are the same call)",C,"Classical (iid) SEs from lfe::felm, 95% CIs","stated: section headers '###FIGURE A10/A11/A12/A13###'. starbility::stability_plot estimates each specification with lfe::felm(spec, data, weights) and takes broom::tidy()$std.error, with cluster defaulting to '0' (no clustering) - i.e. classical SEs. No robust/cluster argument is supplied in the archive code. Package source checked at github.com/AakaashRao/starbility (R/builtin_models.R, R/create_stability_plot.R); starbility is not on CRAN and was not installed locally, so this rests on source inspection, not execution."
clean_replication/Dataverse_files/multiverse.R,168-178,"Figure A11 (panel 3, high immigration views)",1,"p6<- stability_plot(data = HIGH, lhs = 'support', rhs = 'treatnum', ...)","p6<- stability_plot(data = HIGH, lhs = 'support', rhs = 'treatnum', ...) (estimation and plotting are the same call)",C,"Classical (iid) SEs from lfe::felm, 95% CIs","stated: section headers '###FIGURE A10/A11/A12/A13###'. starbility::stability_plot estimates each specification with lfe::felm(spec, data, weights) and takes broom::tidy()$std.error, with cluster defaulting to '0' (no clustering) - i.e. classical SEs. No robust/cluster argument is supplied in the archive code. Package source checked at github.com/AakaashRao/starbility (R/builtin_models.R, R/create_stability_plot.R); starbility is not on CRAN and was not installed locally, so this rests on source inspection, not execution."
clean_replication/Dataverse_files/multiverse.R,229-240,"Figure A12 (panel 1, full sample)",2,"p1<- stability_plot(data = spain, lhs = 'support', rhs = 'treatnum', weights = 'nationalweight', ...)","p1<- stability_plot(data = spain, lhs = 'support', rhs = 'treatnum', weights = 'nationalweight', ...) (estimation and plotting are the same call)",C,"Classical (iid) SEs from lfe::felm, 95% CIs","stated: section headers '###FIGURE A10/A11/A12/A13###'. starbility::stability_plot estimates each specification with lfe::felm(spec, data, weights) and takes broom::tidy()$std.error, with cluster defaulting to '0' (no clustering) - i.e. classical SEs. No robust/cluster argument is supplied in the archive code. Package source checked at github.com/AakaashRao/starbility (R/builtin_models.R, R/create_stability_plot.R); starbility is not on CRAN and was not installed locally, so this rests on source inspection, not execution."
clean_replication/Dataverse_files/multiverse.R,257-268,"Figure A12 (panel 2, below-average immigration views)",2,"p2<- stability_plot(data = noproimmES, lhs = 'support', rhs = 'treatnum', weights = 'nationalweight', ...)","p2<- stability_plot(data = noproimmES, lhs = 'support', rhs = 'treatnum', weights = 'nationalweight', ...) (estimation and plotting are the same call)",C,"Classical (iid) SEs from lfe::felm, 95% CIs","stated: section headers '###FIGURE A10/A11/A12/A13###'. starbility::stability_plot estimates each specification with lfe::felm(spec, data, weights) and takes broom::tidy()$std.error, with cluster defaulting to '0' (no clustering) - i.e. classical SEs. No robust/cluster argument is supplied in the archive code. Package source checked at github.com/AakaashRao/starbility (R/builtin_models.R, R/create_stability_plot.R); starbility is not on CRAN and was not installed locally, so this rests on source inspection, not execution."
clean_replication/Dataverse_files/multiverse.R,284-295,"Figure A12 (panel 3, above-average immigration views)",2,"p3<- stability_plot(data = proimmES, lhs = 'support', rhs = 'treatnum', weights = 'nationalweight', ...)","p3<- stability_plot(data = proimmES, lhs = 'support', rhs = 'treatnum', weights = 'nationalweight', ...) (estimation and plotting are the same call)",C,"Classical (iid) SEs from lfe::felm, 95% CIs","stated: section headers '###FIGURE A10/A11/A12/A13###'. starbility::stability_plot estimates each specification with lfe::felm(spec, data, weights) and takes broom::tidy()$std.error, with cluster defaulting to '0' (no clustering) - i.e. classical SEs. No robust/cluster argument is supplied in the archive code. Package source checked at github.com/AakaashRao/starbility (R/builtin_models.R, R/create_stability_plot.R); starbility is not on CRAN and was not installed locally, so this rests on source inspection, not execution."
clean_replication/Dataverse_files/multiverse.R,320-331,"Figure A13 (panel 1, low immigration views)",2,"p4<- stability_plot(data = LOWES, lhs = 'support', rhs = 'treatnum', weights = 'nationalweight', ...)","p4<- stability_plot(data = LOWES, lhs = 'support', rhs = 'treatnum', weights = 'nationalweight', ...) (estimation and plotting are the same call)",C,"Classical (iid) SEs from lfe::felm, 95% CIs","stated: section headers '###FIGURE A10/A11/A12/A13###'. starbility::stability_plot estimates each specification with lfe::felm(spec, data, weights) and takes broom::tidy()$std.error, with cluster defaulting to '0' (no clustering) - i.e. classical SEs. No robust/cluster argument is supplied in the archive code. Package source checked at github.com/AakaashRao/starbility (R/builtin_models.R, R/create_stability_plot.R); starbility is not on CRAN and was not installed locally, so this rests on source inspection, not execution."
clean_replication/Dataverse_files/multiverse.R,348-359,"Figure A13 (panel 2, mid immigration views)",2,"p5<- stability_plot(data = MIDES, lhs = 'support', rhs = 'treatnum', weights = 'nationalweight', ...)","p5<- stability_plot(data = MIDES, lhs = 'support', rhs = 'treatnum', weights = 'nationalweight', ...) (estimation and plotting are the same call)",C,"Classical (iid) SEs from lfe::felm, 95% CIs","stated: section headers '###FIGURE A10/A11/A12/A13###'. starbility::stability_plot estimates each specification with lfe::felm(spec, data, weights) and takes broom::tidy()$std.error, with cluster defaulting to '0' (no clustering) - i.e. classical SEs. No robust/cluster argument is supplied in the archive code. Package source checked at github.com/AakaashRao/starbility (R/builtin_models.R, R/create_stability_plot.R); starbility is not on CRAN and was not installed locally, so this rests on source inspection, not execution."
clean_replication/Dataverse_files/multiverse.R,375-386,"Figure A13 (panel 3, high immigration views)",2,"p6<- stability_plot(data = HIGHES, lhs = 'support', rhs = 'treatnum', weights = 'nationalweight', ...)","p6<- stability_plot(data = HIGHES, lhs = 'support', rhs = 'treatnum', weights = 'nationalweight', ...) (estimation and plotting are the same call)",C,"Classical (iid) SEs from lfe::felm, 95% CIs","stated: section headers '###FIGURE A10/A11/A12/A13###'. starbility::stability_plot estimates each specification with lfe::felm(spec, data, weights) and takes broom::tidy()$std.error, with cluster defaulting to '0' (no clustering) - i.e. classical SEs. No robust/cluster argument is supplied in the archive code. Package source checked at github.com/AakaashRao/starbility (R/builtin_models.R, R/create_stability_plot.R); starbility is not on CRAN and was not installed locally, so this rests on source inspection, not execution."
clean_replication/descriptiveplots.R,131-155,Figure A1,NA,"ess_data |> filter(poorctry_bin==0) |> as_survey_design(1, weight = pspwght) |> group_by(...) |> summarise(Proportion = survey_mean())","ggplot(...) + geom_col() ... ggsave(""FigureA1.png"", ...)",D,None displayed (survey_mean SEs computed but not plotted),"stated: '#### Figure A.1 ... ####' at L130. Purely descriptive stacked-bar proportions from ESS data; no regression, no SEs shown. NOT AUDITABLE BY EXECUTION: the input file ESS-Data-Wizard-subset-2023-02-08.dta is excluded from the GitHub copy for size (noted in repo README)."
clean_replication/descriptiveplots.R,162-185,Figure A2,NA,"ess_data |> drop_na(gay_poorctry) |> as_survey_design(1, weight = pspwght) |> group_by(...) |> summarise(Proportion = survey_mean())","ggplot(...) + geom_col() ... ggsave(""FigureA2.png"", ...)",D,None displayed,stated: '#### Figure A.2 ... ####' at L161. Descriptive. Same missing .dta caveat.
clean_replication/descriptiveplots.R,195-254,Figure A3,NA,"region.gays <- merged_df %>% group_by(region) %>% summarise(long = mean(long), lat = mean(lat), lgbED=mean(lgbED), ...)","plot1+plot2+plot3 ... ggsave(""FigureA3.png"", ...)",D,None - choropleth of Eurobarometer percentages,"stated: '##FIGURE A3##' at L193. Descriptive map, no model, no SEs."
clean_replication/descriptiveplots.R,268-289,Figure A8,NA,"test_power<- power_interaction(n.iter = 1000, alpha = 0.05, N = seq(800,1200,by = 50), r.x1x2.y = seq(.1,.2,by=.01), r.x1.y = -.06, r.x2.y = -.38, r.x1.x2 = -.01)","p1<- plot_power_curve(power_data = test_power, power_target = .8, x = ""N"", group = ""r.x1x2.y"")",D,None - simulated power curve,"stated: '###FIGURE A8###' at L258 and ggsave(""FigureA8.png"") at L289. Monte Carlo power simulation; no standard errors are reported."
clean_replication/study1_summarystats.R,33-34,Table A1,1,(none - descriptive),"datasummary(outcome + imm_1 + income ~ N + Mean + SD + Min + Max, data = df, output=""latex"")",D,None - N/Mean/SD/Min/Max only,"stated: '###TABLE A1###' at L32 and ReadMe.pdf. Descriptive. NOTE: this script reads read_csv(""UKdata_analysis.csv"") at L10, a filename that does not exist in the Dataverse archive (which ships study1_data.csv); the script as distributed will not run as-is."
clean_replication/study1_summarystats.R,39-40,Table A2,1,(none - descriptive),"datasummary(treat + immbelow + imm3 + gender + queer + agecat + nonwhite + religion + ideology + voterecall + brexit + 1 ~ N + Percent(fn = function(x, y) 100 * length(x) / length(y)), data = df, output=""latex"")",D,None - counts and percentages only,stated: '###TABLE A2###' at L37 and ReadMe.pdf.
clean_replication/study1_summarystats.R,64-66,Table A3 (balance table),1,"(implicit: estimatr::difference_in_means, called internally by datasummary_balance)","datasummary_balance(~treat, data = df2, output=""latex"")",D,"Neyman/Welch (heteroskedasticity-robust, HC2-type) SEs on the difference in means, by package default","stated: '###TABLE A3###' at L44 and ReadMe.pdf. Classified D because this is a descriptive balance table with no user-specified model or SE call. For completeness: modelsummary:::DinM calls estimatr::difference_in_means, whose variance estimator is heteroskedasticity-robust by construction - so the Std. Error column is robust, but by package default, not by request."
clean_replication/study2_summarystats.R,26-27,Table A4,2,(none - descriptive),"datasummary(lgbtED + imm_1 + pride_valoresUE + ... ~ N + weighted.mean * Arguments(w = nationalweight, na.rm = TRUE) + SD + Min + Max, data = spain, output=""latex"")",D,None - N/weighted mean/SD/Min/Max only,stated: '###TABLE A4###' at L25 and ReadMe.pdf.
clean_replication/study2_summarystats.R,32-33,Table A5 (unweighted panel),2,(none - descriptive),"datasummary(treat + immdum + imm3 + gender + queer + agecat + child + foreignborn + CCAA + 1 ~ N + Percent(fn = function(x, y) 100 * length(x) / length(y)), data = spain, output=""latex"")",D,None - counts and percentages only,stated: '###TABLE A5###' at L30 and ReadMe.pdf.
clean_replication/study2_summarystats.R,34-35,Table A5 (weighted panel),2,(none - descriptive),"datasummary(supportcat + treat + immdum + imm3 + gender + queer + agecat + child + foreignborn + CCAA + 1 ~ N + nationalweight * Percent(fn = wtpct), data = spain, output=""latex"")",D,None - counts and weighted percentages only,stated: '###TABLE A5###' at L30.
clean_replication/study2_summarystats.R,49-51,Table A6 (balance table),2,"(implicit: estimatr::difference_in_means, called internally by datasummary_balance)","datasummary_balance(~treat, data = dfX, output=""latex"")",D,"Neyman/Welch (heteroskedasticity-robust, HC2-type) SEs on the difference in means, by package default",stated: '###TABLE A6###' at L37 and ReadMe.pdf. Same reasoning as Table A3. NOTE: L38 selects columns not including nationalweight but L45 references nationalweight and L48 drops it - the script as distributed errors here.
